symbol,end_date,amend,period_focus,fiscal_year,doc_type,revenues,op_income,net_income,eps_basic,eps_diluted,dividend,assets,cur_assets,cur_liab,cash,equity,cash_flow_op,cash_flow_inv,cash_flow_fin
GRC,2016-12-31,False,FY,2016,10-K,382071000.0,35697000.0,24883000.0,0.95,0.95,0.43,382818000.0,203900000.0,49352000.0,57604000.0,302888000.0,53434000.0,-8466000.0,-11218000.0
IRT,2016-12-31,False,FY,2016,10-K,153388000.0,39662000.0,-9801000.0,-0.19,-0.19,0.0,1294237000.0,,,20892000.0,528691000.0,-7533000.0,27779000.0,-37655000.0
LBY,2016-12-31,False,FY,2016,10-K,796210000.0,45310000.0,10073000.0,0.46,0.46,0.46,818169000.0,332910000.0,156081000.0,61011000.0,145119000.0,82643000.0,-34604000.0,-34715000.0
SYN,2016-12-31,False,FY,2016,10-K,350000.0,-39252000.0,-27255000.0,-0.29,-0.29,0.0,22498000.0,21570000.0,19757000.0,19055000.0,2249000.0,-27901000.0,-569000.0,26707000.0
STS,2016-12-31,False,FY,2016,10-K,298971665.0,28903522.0,19037338.0,1.12,1.11,0.0,133969284.0,88221351.0,30056157.0,35222620.0,101731349.0,29288085.0,-3661732.0,-7651624.0
URG,2016-12-31,False,FY,2016,10-K,27305000.0,271000.0,-3010000.0,-0.02,-0.02,0.0,89940000.0,6506000.0,8212000.0,1552000.0,36232000.0,3333000.0,-210000.0,-2986000.0
ACRX,2016-12-31,False,FY,2016,10-K,17357000.0,-31957000.0,-43157000.0,-0.95,-0.95,0.0,99993000.0,89053000.0,10191000.0,80310000.0,-5337000.0,-29395000.0,1809000.0,-26000.0
ALIM,2016-12-31,False,FY,2016,10-K,34333000.0,-27847000.0,-33174000.0,-0.63,-0.63,0.0,70229000.0,47402000.0,9123000.0,30979000.0,25586000.0,-25099000.0,-186000.0,25424000.0
ATAX,2016-12-31,False,FY,2016,10-K,58978750.0,23784507.0,23201100.0,0.34,0.34,0.0,944113674.0,,,20748521.0,,15231531.0,-83052386.0,71533594.0
AOBC,2017-01-31,False,Q3,2017,10-Q,233523000.0,50209000.0,32453000.0,0.58,0.57,0.0,739720000.0,262578000.0,134538000.0,54253000.0,412295000.0,109524000.0,-237702000.0,-8848000.0
AMSWA,2017-01-31,False,Q3,2017,10-Q,26441000.0,2455000.0,2243000.0,0.08,0.08,0.11,136973000.0,98345000.0,40478000.0,55752000.0,95073000.0,19262000.0,-7412000.0,-5102000.0
ASRV,2016-12-31,False,FY,2016,10-K,6169000.0,,2295000.0,0.12,0.12,0.05,1153780000.0,,,25107000.0,95395000.0,6668000.0,-25185000.0,4080000.0
FOLD,2016-12-31,True,FY,2016,10-K,4958000.0,-181890000.0,-200042000.0,-1.49,-1.49,0.0,1036845000.0,340064000.0,110959000.0,187026000.0,360151000.0,-150534000.0,-4509000.0,272715000.0
ANIP,2016-12-31,False,FY,2016,10-K,1500000.0,20079000.0,3913000.0,0.34,0.34,0.0,322864000.0,103007000.0,31948000.0,27365000.0,169648000.0,27472000.0,-154062000.0,-729000.0
AQMS,2016-12-31,False,FY,2016,10-K,1.515,-12958000.0,-13557000.0,-0.89,-0.89,0.0,71529000.0,27370000.0,4031000.0,25458000.0,56990000.0,-11121000.0,-19063000.0,35501000.0
ASMB,2016-12-31,False,FY,2016,10-K,,-45278461.0,-44261562.0,-2.57,-2.57,0.0,98118606.0,53574664.0,7120954.0,28575085.0,79878001.0,-34881655.0,36196574.0,152640.0
AUBN,2016-12-31,False,FY,2016,10-K,6838000.0,,8150000.0,2.24,2.24,0.9,831943000.0,,,121277000.0,82177000.0,10487000.0,-12582000.0,9442000.0
BKSC,2016-12-31,False,FY,2016,10-K,18156680.0,,5247063.0,1.06,1.04,0.54,413949636.0,,,8141030.0,40612974.0,6042824.0,-20591553.0,11596273.0
BRID,2017-01-20,False,Q1,2017,10-Q,40081000.0,,2474000.0,0.27,0.27,0.0,89363000.0,50058000.0,12982000.0,12497000.0,41383000.0,6585000.0,-1040000.0,-33000.0
BRCD,2017-01-28,False,Q1,2017,10-Q,581463000.0,4291000.0,-5681000.0,-0.01,-0.01,0.055,4880822000.0,1639006000.0,629488000.0,1230253000.0,2576027000.0,-2806000.0,-12091000.0,-10917000.0
AMRC,2016-12-31,False,FY,2016,10-K,651227000.0,23776000.0,11997000.0,0.26,0.26,0.0,797281000.0,226061000.0,190602000.0,20607000.0,294306000.0,-58073000.0,-79616000.0,137301000.0
CCBG,2016-12-31,False,FY,2016,10-K,134835000.0,,11746000.0,0.69,0.69,0.17,2845197000.0,,,296047000.0,275168000.0,22621000.0,-137361000.0,31882000.0
ABR,2016-12-31,False,FY,2016,10-K,85600000.0,43621132.0,42796132.0,0.83,0.83,0.0,2970786246.0,,,138645430.0,747037928.0,-197617076.0,-201917252.0,349471071.0
CWST,2016-12-31,False,FY,2016,10-K,565030000.0,44945000.0,-6849000.0,-0.17,-0.17,0.0,631512000.0,78588000.0,82426000.0,2544000.0,-24550000.0,80434000.0,-62964000.0,-17238000.0
CACB,2016-12-31,False,FY,2016,10-K,124723000.0,,16771000.0,0.23,0.23,0.0,3079058000.0,,,72577000.0,369652000.0,27291000.0,-39241000.0,6722000.0
CSFL,2016-12-31,False,FY,2016,10-K,253034000.0,,42178000.0,0.89,0.88,0.16,5078559000.0,,,66368000.0,552457000.0,55829000.0,-38670000.0,-16204000.0
ASPN,2016-12-31,False,FY,2016,10-K,117738000.0,-11220000.0,-12023000.0,-0.52,-0.52,0.0,134669000.0,50186000.0,18130000.0,18086000.0,115564000.0,-578000.0,-13216000.0,-924000.0
AT,2016-12-31,False,FY,2016,10-K,399200000.0,,-122400000.0,-1.02,-1.02,0.0,1456800000.0,164900000.0,150900000.0,85600000.0,285900000.0,111800000.0,-500000.0,-98100000.0
BLL,2016-12-31,False,FY,2016,10-K,9061000000.0,463000000.0,263000000.0,1.66,1.63,0.52,16173000000.0,3653000000.0,2969000000.0,597000000.0,3541000000.0,194000000.0,672000000.0,-387000000.0
CFCB,2016-12-31,False,FY,2016,10-K,330000.0,,5987000.0,0.92,0.92,0.0,977779000.0,,,22507000.0,126929000.0,10655000.0,-79732000.0,63929000.0
CMRX,2016-12-31,False,FY,2016,10-K,5702000.0,-77952000.0,-76390000.0,-1.65,-1.65,0.0,286770000.0,236465000.0,10105000.0,51463000.0,276224000.0,-63815000.0,94065000.0,608000.0
BKS,2017-01-28,False,Q3,2017,10-Q,1300908000.0,128787000.0,69160000.0,0.97,0.96,0.15,1968956000.0,1154569000.0,1204726000.0,11628000.0,586528000.0,158423000.0,-73665000.0,-86968000.0
BBG,2016-12-31,False,FY,2016,10-K,178819000.0,-99246000.0,-170378000.0,-3.08,-3.08,0.0,1385341000.0,318452000.0,85018000.0,275841000.0,571543000.0,121736000.0,-83138000.0,108407000.0
COHU,2016-12-31,False,FY,2016,10-K,282084000.0,5665000.0,3039000.0,0.11,0.11,0.24,345512000.0,245149000.0,68689000.0,96045000.0,235469000.0,24548000.0,-32916000.0,-6707000.0
CBMX,2016-12-31,False,FY,2016,10-K,12869000.0,-4093000.0,-5783000.0,-2.34,-2.34,0.0,8478000.0,7851000.0,1789000.0,2727000.0,6494000.0,-3900000.0,2093000.0,3881000.0
CWBC,2016-12-31,False,FY,2016,10-K,5429000.0,,5229000.0,0.64,0.62,0.135,710572000.0,,,34116000.0,65336000.0,7870000.0,-93457000.0,84184000.0
BXC,2016-12-31,False,FY,2016,10-K,1881043000.0,41849000.0,16085000.0,1.8,1.77,0.0,444137000.0,345810000.0,154341000.0,5540000.0,-29841000.0,41397000.0,36845000.0,-77510000.0
PMTS,2016-12-31,False,FY,2016,10-K,308700000.0,28982000.0,5399000.0,0.1,0.1,0.18,264420000.0,92417000.0,35276000.0,36955000.0,-95273000.0,59958000.0,-14294000.0,-21916000.0
CCRN,2016-12-31,False,FY,2016,10-K,833537000.0,6184000.0,7967000.0,0.25,0.15,0.0,388378000.0,205611000.0,97092000.0,20630000.0,151802000.0,30145000.0,-9780000.0,-2164000.0
CTIC,2016-12-31,False,FY,2016,10-K,57405000.0,-49162000.0,-52009000.0,-0.48,-0.48,0.0,63843000.0,55824000.0,40646000.0,44002000.0,7757000.0,-76680000.0,-137000.0,-7366000.0
CTMX,2016-12-31,False,FY,2016,10-K,15043000.0,-59586000.0,-58900000.0,-1.63,-1.63,0.0,199128000.0,188147000.0,35767000.0,104645000.0,78479000.0,-2032000.0,45859000.0,996000.0
CTSO,2016-12-31,False,FY,2016,10-K,9527843.0,-11492125.0,-11938875.0,-0.47,-0.47,0.0,9693844.0,7828424.0,6089618.0,5245178.0,-474088.0,-6730967.0,1596469.0,5064207.0
DAKT,2017-01-28,False,Q3,2017,10-Q,115719000.0,-6934000.0,-5127000.0,-0.12,-0.12,0.07,348106000.0,251832000.0,120181000.0,48377000.0,199714000.0,45379000.0,-11421000.0,-13229000.0
CHK,2016-12-31,False,FY,2016,10-K,7872000000.0,-4411000000.0,-4926000000.0,-6.45,-6.45,0.0,13028000000.0,2142000000.0,3648000000.0,882000000.0,-1203000000.0,-204000000.0,-660000000.0,921000000.0
CIO,2016-12-31,False,FY,2016,10-K,72461000.0,-297000.0,-2624000.0,-0.13,-0.13,0.94,661494000.0,,,13703000.0,256059000.0,19147000.0,-216776000.0,203194000.0
AVCA,2016-12-31,False,FY,2016,10-K,426063000.0,740000.0,-1811000.0,-0.29,-0.29,0.22,163051000.0,79334000.0,58169000.0,4263000.0,11420000.0,-5618000.0,-9846000.0,15142000.0
DMLP,2016-12-31,False,FY,2016,10-K,37557000.0,20967000.0,20967000.0,0.66,0.66,0.0,67211000.0,14769000.0,275000.0,8212000.0,,28278000.0,,
EDGE,2016-12-31,False,FY,2016,10-K,,-39512146.0,-38820998.0,-1.34,-1.34,0.0,110914447.0,107353500.0,6684747.0,106398919.0,89276557.0,-32188668.0,-686705.0,9084871.0
EDIT,2016-12-31,False,FY,2016,10-K,26000000.0,-97188000.0,-97230000.0,-3.02,-3.02,0.0,229182000.0,187183000.0,33083000.0,185323000.0,134607000.0,-49926000.0,-5092000.0,97161000.0
CWEI,2016-12-31,False,FY,2016,10-K,289411000.0,22314000.0,-292151000.0,-20.87,-20.87,0.0,1494639000.0,631186000.0,106766000.0,573025000.0,160531000.0,10727000.0,313227000.0,241291000.0
CODI,2016-12-31,False,FY,2016,10-K,978309000.0,19061000.0,54685000.0,0.28,0.51,1.44,1777155000.0,452819000.0,202521000.0,39772000.0,894544000.0,111372000.0,-363021000.0,208726000.0
COO,2017-01-31,False,Q1,2017,10-Q,499100000.0,90700000.0,75800000.0,1.55,1.53,0.0,4656700000.0,883900000.0,517900000.0,91100000.0,2819400000.0,108400000.0,-202100000.0,83500000.0
CORR,2016-12-31,False,FY,2016,10-K,89250586.0,42979521.0,25514763.0,2.14,2.14,3.0,650732571.0,20413.0,14307.0,7895084.0,433909480.0,51108652.0,479090.0,-58311398.0
FCBC,2016-12-31,False,FY,2016,10-K,121790000.0,,25126000.0,1.45,1.45,0.6,2386398000.0,,,36645000.0,339057000.0,43088000.0,110210000.0,-128778000.0
FIBK,2016-12-31,False,FY,2016,10-K,155142000.0,,95636000.0,2.15,2.13,0.88,9063895000.0,,,782023000.0,982593000.0,118070000.0,-143092000.0,26588000.0
DS,2016-12-31,False,FY,2016,10-K,226255000.0,-39174000.0,71499000.0,1.07,1.04,0.48,1171958000.0,,,140140000.0,218067000.0,3378000.0,-152640000.0,243751000.0
FVE,2016-12-31,False,FY,2016,10-K,1378108000.0,-15972000.0,-21813000.0,-0.45,-0.45,0.0,509734000.0,129387000.0,172993000.0,16608000.0,164266000.0,-23453000.0,77039000.0,-51646000.0
DY,2017-01-28,False,Q2,2017,10-Q,701131000.0,,23663000.0,0.75,0.74,0.0,1766443000.0,888329000.0,263152000.0,29491000.0,615072000.0,64191000.0,-71078000.0,2591000.0
DEA,2016-12-31,False,FY,2016,10-K,8300000.0,12914000.0,3313000.0,0.11,0.1,0.0,1045463000.0,,,4845000.0,696866000.0,47377000.0,-170191000.0,119483000.0
ECR,2016-12-31,False,FY,2016,10-K,235034000.0,-114473000.0,-203806000.0,-0.84,-0.84,0.0,1197859000.0,249630000.0,140625000.0,201229000.0,546716000.0,6405000.0,-89318000.0,99737000.0
FLDM,2016-12-31,False,FY,2016,10-K,104446000.0,-73190000.0,-75985000.0,-2.62,-2.62,0.0,306395000.0,96671000.0,29500000.0,35045000.0,53233000.0,-39098000.0,45102000.0,76000.0
FMI,2016-12-31,False,FY,2016,10-K,116865000.0,-113816000.0,-113192000.0,-3.25,-3.25,0.0,214035000.0,168921000.0,40651000.0,63617000.0,164846000.0,-67167000.0,12688000.0,333000.0
RAIL,2016-12-31,False,FY,2016,10-K,523731000.0,15848000.0,12324000.0,1.0,1.0,0.36,339255000.0,241170000.0,54135000.0,92750000.0,256914000.0,215000.0,14083000.0,-4616000.0
GNCMA,2016-12-31,False,FY,2016,10-K,933812000.0,79103000.0,-3667000.0,-0.2,-0.3,0.0,2065939000.0,265395000.0,183661000.0,19297000.0,53248000.0,200276000.0,-227163000.0,19656000.0
EPE,2016-12-31,False,FY,2016,10-K,767000000.0,-98000000.0,-27000000.0,-0.11,-0.11,0.0,4761000000.0,248000000.0,321000000.0,20000000.0,606000000.0,784000000.0,-144000000.0,-646000000.0
EVH,2016-12-31,False,FY,2016,10-K,254188000.0,-237419000.0,-159742000.0,-3.55,-3.55,0.0,1199839000.0,264966000.0,131941000.0,134563000.0,912114000.0,-35510000.0,-97797000.0,122144000.0
GSBC,2016-12-31,False,FY,2016,10-K,213685000.0,,45342000.0,3.26,3.21,0.0,4550663000.0,,,279769000.0,429806000.0,80055000.0,-198146000.0,198677000.0
GIFI,2016-12-31,False,FY,2016,10-K,286326000.0,5183000.0,3485000.0,0.24,0.24,0.0,322408000.0,113360000.0,35348000.0,51167000.0,263032000.0,14351000.0,2698000.0,-710000.0
FOR,2016-12-31,False,FY,2016,10-K,197314000.0,140354000.0,58648000.0,1.4,1.38,0.0,733208000.0,,,265798000.0,562118000.0,66877000.0,420743000.0,-318264000.0
HLIT,2016-12-31,False,FY,2016,10-K,405911000.0,-67036000.0,-72314000.0,-0.63,-0.63,0.0,554069000.0,216835000.0,144897000.0,55635000.0,270641000.0,438000.0,-70478000.0,-152000.0
HDNG,2016-12-31,False,FY,2016,10-K,292013000.0,3395000.0,1224000.0,0.1,0.09,0.08,297550000.0,200695000.0,72847000.0,28255000.0,155941000.0,5297000.0,-2361000.0,-6475000.0
HIIQ,2016-12-31,False,FY,2016,10-K,184516000.0,18117000.0,4513000.0,0.59,0.57,0.0,125347000.0,63968000.0,35639000.0,12214000.0,80078000.0,17987000.0,-3113000.0,-10355000.0
HTBK,2016-12-31,False,FY,2016,10-K,106056000.0,,25869000.0,0.72,0.72,0.36,2570880000.0,,,266103000.0,259850000.0,25899000.0,-287564000.0,183676000.0
HCCI,2016-12-31,False,FY,2016,10-K,347627000.0,10894000.0,5842000.0,0.26,0.26,0.0,314307000.0,108795000.0,54206000.0,36610000.0,198269000.0,38099000.0,-18901000.0,-6196000.0
HEOP,2016-12-31,False,FY,2016,10-K,0.0,,16933000.0,0.49,0.49,0.24,2024890000.0,,,50874000.0,212850000.0,27624000.0,-160511000.0,113838000.0
GCPWI,2016-12-31,False,FY,2016,10-K,1355800000.0,251400000.0,72800000.0,1.03,1.02,0.0,1089800000.0,553800000.0,311500000.0,163300000.0,-139000000.0,127900000.0,-90700000.0,31700000.0
GTY,2016-12-31,False,FY,2016,10-K,115266000.0,50199000.0,38411000.0,1.23,1.23,1.03,877306000.0,,,12523000.0,430918000.0,36874000.0,12718000.0,-41011000.0
HSON,2016-12-31,False,FY,2016,10-K,422744000.0,-7587000.0,-8790000.0,-0.27,-0.27,0.1,101812000.0,84142000.0,50579000.0,21322000.0,41885000.0,-9420000.0,-2724000.0,-2930000.0
HBP,2016-12-31,False,FY,2016,10-K,713900000.0,22700000.0,16300000.0,0.52,0.52,0.0,202300000.0,150100000.0,70100000.0,300000.0,70500000.0,17000000.0,-21400000.0,4400000.0
AJX,2016-12-31,False,FY,2016,10-K,44687000.0,,27696000.0,1.65,1.65,0.0,957402000.0,,,35723000.0,282723000.0,-3864000.0,-300630000.0,310568000.0
GEF,2017-01-31,False,Q1,2017,10-Q,820900000.0,42100000.0,5400000.0,0.23,0.23,0.42,3199300000.0,1037100000.0,620300000.0,106800000.0,965200000.0,-44100000.0,-20900000.0,72700000.0
GWRE,2017-01-31,False,Q2,2017,10-Q,115621000.0,8205000.0,3974000.0,0.05,0.05,0.0,951914000.0,671299000.0,128575000.0,225363000.0,817699000.0,29649000.0,-29091000.0,2034000.0
IKNX,2016-12-31,False,FY,2016,10-K,17569901.0,-22004.0,-65061.0,-0.03,-0.03,0.0,18295994.0,9045472.0,1313377.0,1048713.0,13459160.0,916947.0,-5316572.0,3199872.0
IMMR,2016-12-31,False,FY,2016,10-K,57086000.0,-15263000.0,-39381000.0,-1.37,-1.37,0.0,103767000.0,94030000.0,21022000.0,56865000.0,55340000.0,22042000.0,7844000.0,1966000.0
PI,2016-12-31,False,FY,2016,10-K,112287000.0,-488000.0,-7931000.0,-0.74,-0.74,0.0,167536000.0,148726000.0,25381000.0,33636000.0,124023000.0,-9497000.0,-70633000.0,103645000.0
HVT,2016-12-31,False,FY,2016,10-K,821571000.0,,28356000.0,2.59,2.5700000000000003,1.44,454505000.0,194115000.0,95950000.0,63481000.0,281871000.0,60054000.0,-13187000.0,-54045000.0
HEI,2017-01-31,False,Q1,2017,10-Q,343432000.0,64550000.0,40927000.0,0.61,0.59,0.09,2031422000.0,575205000.0,196720000.0,45905000.0,1088592000.0,55975000.0,-6003000.0,-46923000.0
LINK,2016-12-31,False,FY,2016,10-K,11886000.0,2847000.0,2893000.0,0.39,0.39,0.0,10471000.0,9385000.0,873000.0,6009000.0,9598000.0,1886000.0,-230000.0,
TILE,2017-01-01,False,FY,2016,10-K,958617000.0,84937000.0,54162000.0,0.83,0.83,0.22,839573000.0,480912000.0,159083000.0,165672000.0,340729000.0,93163000.0,-26429000.0,24544000.0
IMI,2016-12-31,False,FY,2016,10-K,47298000.0,-15868000.0,-15437000.0,-0.31,-0.31,0.0,53168000.0,32254000.0,4956000.0,5759000.0,44996000.0,-5404000.0,-1214000.0,701000.0
HNI,2016-12-31,False,FY,2016,10-K,2203489000.0,133692000.0,85577000.0,1.93,1.88,1.09,1330234000.0,433041000.0,463473000.0,36312000.0,501009000.0,223362000.0,-153026000.0,-62572000.0
HPQ,2017-01-31,False,Q1,2017,10-Q,12684000000.0,856000000.0,611000000.0,0.36,0.36,0.27,28192000000.0,17775000000.0,18587000000.0,6331000000.0,-4327000000.0,767000000.0,-86000000.0,-638000000.0
NGVT,2016-12-31,False,FY,2016,10-K,908300000.0,163600000.0,35200000.0,0.83,0.83,0.0,832800000.0,295200000.0,136900000.0,30500000.0,134600000.0,127900000.0,-126400000.0,-3400000.0
JASN,2016-12-31,False,FY,2016,10-K,705519000.0,-53592000.0,-70479000.0,-3.13,-3.13,0.0,584331000.0,210165000.0,107544000.0,40861000.0,-2786000.0,35117000.0,-16453000.0,-12843000.0
JOY,2017-01-27,False,Q1,2017,10-Q,497769000.0,-1750000.0,-277000.0,0.0,0.0,0.01,3445504000.0,1931590000.0,785922000.0,321909000.0,1394691000.0,41473000.0,-1711000.0,5568000.0
KEG,2016-12-31,False,FY,2016,10-K,,,,,,0.0,657981000.0,234570000.0,116795000.0,91188000.0,242617000.0,-417000.0,6544000.0,18759000.0
MDT,2017-01-27,False,Q3,2017,10-Q,7283000000.0,1147000000.0,821000000.0,0.6,0.59,0.43,97578000000.0,22423000000.0,12672000000.0,2768000000.0,49493000000.0,5107000000.0,-1299000000.0,-3970000000.0
MEI,2017-01-28,False,Q3,2017,10-Q,195600000.0,29100000.0,23700000.0,0.64,0.63,0.09,667000000.0,499100000.0,111200000.0,268800000.0,507900000.0,106700000.0,-13200000.0,-38000000.0
MOFG,2016-12-31,False,FY,2016,10-K,135762000.0,,20391000.0,1.78,1.78,0.64,3079575000.0,,,43228000.0,305456000.0,38184000.0,-123585000.0,81532000.0
MSEX,2016-12-31,False,FY,2016,10-K,132906000.0,40632000.0,22598000.0,1.39,1.38,0.808,620161000.0,26716000.0,47056000.0,3879000.0,65392000.0,47071000.0,-47375000.0,714000.0
NANO,2016-12-31,False,FY,2016,10-K,221129000.0,29095000.0,44035000.0,1.79,1.75,0.0,287830000.0,216379000.0,42026000.0,47062000.0,243774000.0,45685000.0,-42133000.0,5274000.0
NRCI,2016-12-31,False,FY,2016,10-K,109384000.0,31197000.0,20518000.0,3.42,3.36,0.34,120624000.0,47065000.0,31514000.0,33021000.0,82806000.0,26843000.0,-3750000.0,-32502000.0
NEWS,2016-12-31,False,FY,2016,10-K,54260000.0,48651000.0,28224000.0,0.61,0.61,0.0,4040592000.0,,,154480000.0,647422000.0,411861000.0,-258278000.0,-35036000.0
NDLS,2017-01-03,False,FY,2016,10-K,487474000.0,-67528000.0,-71677000.0,-2.58,-2.58,0.0,209461000.0,25788000.0,49033000.0,1837000.0,25818000.0,24737000.0,-42757000.0,17904000.0
ZEUS,2016-12-31,False,FY,2016,10-K,1055116000.0,5748000.0,-1078000.0,-0.1,-0.1,0.08,556068000.0,364940000.0,104898000.0,2315000.0,253390000.0,-9813000.0,-6448000.0,16972000.0
ONVI,2016-12-31,False,FY,2016,10-K,24567000.0,-851000.0,-813000.0,-0.11,-0.11,0.0,16288000.0,9701000.0,12019000.0,2306000.0,3683000.0,2826000.0,-2041000.0,38000.0
ONDK,2016-12-31,False,FY,2016,10-K,291317000.0,-85068000.0,-82958000.0,-1.17,-1.17,0.0,1064091000.0,,,79554000.0,263597000.0,134251000.0,-589234000.0,374728000.0
OPY,2016-12-31,False,FY,2016,10-K,857779000.0,,-1161000.0,-0.09,-0.09,0.44,2236930000.0,,,64913000.0,513334000.0,-67466000.0,39717000.0,29298000.0
ORBC,2016-12-31,False,FY,2016,10-K,186744000.0,-14486000.0,-23525000.0,-0.33,-0.33,0.0,506154000.0,88208000.0,50326000.0,25023000.0,281868000.0,28926000.0,-31074000.0,3000.0
OTIC,2016-12-31,False,FY,2016,10-K,683000.0,-111481000.0,-110583000.0,-3.69,-3.69,0.0,208596000.0,202220000.0,15233000.0,24156000.0,192737000.0,-94305000.0,-149419000.0,109216000.0
OVAS,2016-12-31,False,FY,2016,10-K,653000.0,-81012000.0,-82260000.0,-2.56,-2.56,0.0,122543000.0,116444000.0,13209000.0,43930000.0,108218000.0,-61734000.0,8292000.0,54148000.0
OSTK,2016-12-31,False,FY,2016,10-K,1799963000.0,6915000.0,12522000.0,0.49,0.49,0.0,485076000.0,260641000.0,249216000.0,183098000.0,172960000.0,39564000.0,-79447000.0,52719000.0
PCCC,2016-12-31,False,FY,2016,10-K,2692592000.0,80520000.0,48111000.0,1.81,1.8,0.34,686134000.0,559171000.0,230254000.0,49180000.0,433442000.0,33586000.0,-54875000.0,-9719000.0
PICO,2016-12-31,False,FY,2016,10-K,362578000.0,,-21865000.0,-0.89,-0.89,0.0,675794000.0,,,60980000.0,427569000.0,-6352000.0,7617000.0,2315000.0
CTQ,2016-12-31,False,FY,2016,10-K,6247000000.0,2322000000.0,1085000000.0,10.85,,0.0,21149000000.0,1706000000.0,2796000000.0,5000000.0,8692000000.0,2652000000.0,-1334000000.0,-1316000000.0
REV,2016-12-31,False,FY,2016,10-K,2334000000.0,155300000.0,-21900000.0,-0.42,-0.42,0.0,3023500000.0,1124100000.0,708700000.0,186800000.0,-614800000.0,116900000.0,-1087500000.0,833100000.0
SFE,2016-12-31,False,FY,2016,10-K,50000000.0,-18692000.0,-22262000.0,-1.09,-1.09,0.0,231828000.0,32551000.0,5861000.0,22058000.0,169777000.0,-18661000.0,20061000.0,-5844000.0
SD,2016-12-31,False,FY,2016,10-K,,,,0.0,,0.0,1081392000.0,257176000.0,213706000.0,121231000.0,512917000.0,65595000.0,-39835000.0,-415061000.0
RCMT,2016-12-31,False,FY,2016,10-K,176448000.0,4115000.0,1758000.0,0.14,0.14,0.0,69831000.0,53071000.0,23713000.0,279000.0,31255000.0,11635000.0,-831000.0,-11556000.0
RETA,2016-12-31,False,FY,2016,10-K,49856000.0,,-6227000.0,-0.31,-0.31,0.0,89093000.0,87283000.0,59631000.0,84732000.0,-215048000.0,-19259000.0,-339000.0,62322000.0
RGLS,2016-12-31,False,FY,2016,10-K,1194000.0,-81502000.0,-81836000.0,-1.55,-1.55,0.0,100661000.0,87474000.0,13807000.0,14941000.0,56075000.0,-56882000.0,35311000.0,20552000.0
RMGN,2016-12-31,False,FY,2016,10-K,37601000.0,-4611000.0,-4770000.0,-0.12,-0.12,0.0,27899000.0,17115000.0,15224000.0,5142000.0,10085000.0,-2422000.0,-348000.0,5229000.0
SASR,2016-12-31,False,FY,2016,10-K,221598000.0,,48250000.0,2.0,2.0,0.98,5091383000.0,,,134125000.0,533572000.0,90375000.0,-422993000.0,393861000.0
JOE,2016-12-31,False,FY,2016,10-K,95744000.0,1960000.0,15895000.0,0.21,0.21,0.0,1027945000.0,,,241111000.0,686799000.0,12874000.0,21028000.0,-5564000.0
SGMS,2016-12-31,False,FY,2016,10-K,2883400000.0,130600000.0,-353700000.0,-4.05,-4.05,0.0,7087400000.0,1116600000.0,692400000.0,115100000.0,-1935700000.0,419000000.0,-231700000.0,-196000000.0
SPNE,2016-12-31,False,FY,2016,10-K,128860000.0,-43500000.0,-43212000.0,-3.85,-3.85,0.0,147165000.0,82660000.0,24418000.0,14566000.0,110977000.0,-14270000.0,-8719000.0,4276000.0
SNMX,2016-12-31,False,FY,2016,10-K,23039000.0,-10759000.0,-10686000.0,-0.24,-0.24,0.0,23764000.0,21033000.0,5723000.0,3587000.0,14802000.0,-11551000.0,9074000.0,1246000.0
SRI,2016-12-31,False,FY,2016,10-K,695977000.0,44082000.0,77461000.0,2.79,2.74,0.0,394529000.0,240893000.0,112709000.0,50389000.0,192077000.0,65277000.0,-23824000.0,-43371000.0
SUP,2016-12-31,False,FY,2016,10-K,732677000.0,54602000.0,41381000.0,1.63,1.62,0.72,542756000.0,254081000.0,85964000.0,57786000.0,398226000.0,78491000.0,-35038000.0,-37327000.0
TDY,2017-01-01,False,FY,2016,10-K,2149900000.0,253800000.0,190900000.0,5.52,5.37,0.0,2774400000.0,846200000.0,501800000.0,98600000.0,1554400000.0,317000000.0,-151000000.0,-145000000.0
SFST,2016-12-31,False,FY,2016,10-K,2000.0,,13036000.0,2.06,1.94,0.0,1340908000.0,,,46552000.0,109872000.0,17089000.0,-139919000.0,106516000.0
SPKE,2016-12-31,False,FY,2016,10-K,546697000.0,84001000.0,14444000.0,2.53,2.23,0.0,376168000.0,197983000.0,184056000.0,18960000.0,123736000.0,67793000.0,-36344000.0,-16963000.0
SPAR,2016-12-31,False,FY,2016,10-K,590777000.0,8625000.0,8610000.0,0.25,0.25,0.1,243294000.0,162191000.0,87724000.0,32041000.0,152952000.0,23451000.0,-13385000.0,-10726000.0
SPOK,2016-12-31,False,FY,2016,10-K,179561000.0,22153000.0,13979000.0,0.68,0.68,0.75,388087000.0,155862000.0,56327000.0,125816000.0,322087000.0,37461000.0,-6254000.0,-16723000.0
STAA,2016-12-30,False,FY,2016,10-K,82432000.0,-12655000.0,-12129000.0,-0.3,-0.3,0.0,65443000.0,49908000.0,21067000.0,13999000.0,37905000.0,1049000.0,-3205000.0,2953000.0
STKL,2016-12-31,False,FY,2016,10-K,1346731000.0,-31086000.0,-51188000.0,-0.62,-0.62,0.0,1129558000.0,549697000.0,392038000.0,1251000.0,369413000.0,1479000.0,-19852000.0,15591000.0
SYNT,2016-12-31,False,FY,2016,10-K,966550000.0,262297000.0,-57390000.0,-0.68,-0.68,15.0,454543000.0,279590000.0,132641000.0,78332000.0,-183087000.0,-11650000.0,495268000.0,-902273000.0
UCP,2016-12-31,False,FY,2016,10-K,349368000.0,8887000.0,9238000.0,1.16,1.15,0.0,434106000.0,,,40931000.0,226886000.0,4429000.0,-813000.0,-2514000.0
TESO,2016-12-31,False,FY,2016,10-K,134737000.0,-114783000.0,-117928000.0,-2.73,-2.73,0.0,344279000.0,220975000.0,32710000.0,91489000.0,309583000.0,-2073000.0,-3002000.0,45057000.0
CAKE,2017-01-03,False,FY,2016,10-K,2275719000.0,200993000.0,139494000.0,2.91,2.83,0.88,1293319000.0,221427000.0,376526000.0,53839000.0,603207000.0,302520000.0,-159461000.0,-133074000.0
HABT,2016-12-27,False,FY,2016,10-K,283810000.0,13580000.0,4660000.0,0.27,0.27,0.0,330366000.0,52528000.0,27135000.0,44192000.0,143887000.0,34003000.0,-32649000.0,-4153000.0
WTI,2016-12-31,False,FY,2016,10-K,399986000.0,-330568000.0,-249020000.0,-2.6,-2.6,0.0,829726000.0,191741000.0,203029000.0,70236000.0,-659037000.0,14180000.0,-82396000.0,53038000.0
TKAI,2016-12-31,False,FY,2016,10-K,0.0,-38123000.0,-37959000.0,-1.68,-1.68,0.0,29761000.0,29543000.0,2819000.0,23223000.0,26858000.0,-36520000.0,35683000.0,37000.0
TRST,2016-12-31,False,FY,2016,10-K,24498000.0,,42601000.0,0.446,0.445,0.2625,4868806000.0,,,48719000.0,432686000.0,54894000.0,-157791000.0,92015000.0
WSR,2016-12-31,False,FY,2016,10-K,104437000.0,,7931000.0,0.26,0.26,1.14,855209000.0,,,4168000.0,267643000.0,39180000.0,-75755000.0,38156000.0
UBOH,2016-12-31,False,FY,2016,10-K,2575000.0,,5521000.0,1.68,1.68,0.44,633119000.0,,,14186000.0,72558000.0,6613000.0,-35873000.0,20524000.0
UBFO,2016-12-31,False,FY,2016,10-K,-94000.0,,7385000.0,0.44,0.44,0.0,787972000.0,,,113032000.0,96654000.0,9458000.0,-77007000.0,54830000.0
USLM,2016-12-31,False,FY,2016,10-K,139282000.0,23480000.0,17754000.0,3.19,3.19,0.5,210159000.0,105036000.0,9108000.0,74712000.0,179639000.0,37847000.0,-17506000.0,-5555000.0
UNTY,2016-12-31,False,FY,2016,10-K,58084000.0,,13200000.0,1.4,1.38,0.18,1189906000.0,,,105895000.0,106300000.0,8788000.0,-81827000.0,90777000.0
URRE,2016-12-31,False,FY,2016,10-K,,,-19605000.0,-3.73,-3.73,0.0,56914000.0,3911000.0,8143000.0,3309000.0,43048000.0,-12309000.0,283000.0,14470000.0
UVSP,2016-12-31,False,FY,2016,10-K,0.0,,19505000.0,0.85,0.84,0.8,4230528000.0,,,48757000.0,505209000.0,33306000.0,-294557000.0,277652000.0
USAK,2016-12-31,False,FY,2016,10-K,429099000.0,-7516000.0,-7699000.0,-0.9,-0.9,0.0,294968000.0,73496000.0,57662000.0,122000.0,58463000.0,22187000.0,-33902000.0,11750000.0
WEN,2017-01-01,False,FY,2016,10-K,1435418000.0,314780000.0,129624000.0,0.49,0.49,0.245,3939314000.0,452532000.0,230081000.0,198240000.0,527736000.0,181408000.0,92107000.0,-404535000.0
WING,2016-12-31,False,FY,2016,10-K,91359000.0,29203000.0,15434000.0,0.54,0.53,2.9,111800000.0,11116000.0,16732000.0,3750000.0,-74628000.0,22166000.0,-2056000.0,-27050000.0
